[
   {
      "id": "62831234487089@s.whatsapp.net",
      "saldo": 1e+28
   },
   {
      "id": "62831234487089\n@s.whatsapp.net",
      "saldo": 99999999
   },
   {
      "id": "+6281535223390@s.whatsapp.net",
      "saldo": 9999999
   },
   {
      "id": "6281535223390@s.whatsapp.net",
      "saldo": 100000
   },
   {
      "id": "+6282314225590@s.whatsapp.net",
      "saldo": 999999
   },
   {
      "id": "6282314225590@s.whatsapp.net",
      "saldo": 999999
   },
   {
      "id": "+33189315565@s.whatsapp.net",
      "saldo": 199998
   },
   {
      "id": "+33 1 89 31 55 65@s.whatsapp.net",
      "saldo": 99999
   },
   {
      "id": "+6285858917987@s.whatsapp.net",
      "saldo": 200998
   },
   {
      "id": "+62 858-5891-7987@s.whatsapp.net",
      "saldo": 99999
   }
]