[
  {
    "id": "62831234487089@s.whatsapp.net",
    "name": "#GRmcRhq",
    "seri": "ij62lqXcrJ",
    "premium": false
  },
  "62831234487089@s.whatsapp.net",
  "6281535223390@s.whatsapp.net",
  "6288801110333@s.whatsapp.net",
  "6289618602219@s.whatsapp.net",
  {
    "id": "6288801110333@s.whatsapp.net",
    "name": "#GREQg7A",
    "seri": "yeCncn0408",
    "premium": false
  },
  {
    "id": "6285658017743@s.whatsapp.net",
    "name": "#GRbRgD3",
    "seri": "yUGUPVnqAj",
    "premium": false
  },
  "6285658017743@s.whatsapp.net",
  "6283875963599@s.whatsapp.net",
  "6282314225590@s.whatsapp.net",
  "6287745835962@s.whatsapp.net",
  "6285624823115@s.whatsapp.net",
  {
    "id": "62881027995767@s.whatsapp.net",
    "name": "#GRNjXUn",
    "seri": "0a47fxtG2E",
    "premium": false
  },
  "62895619393095@s.whatsapp.net",
  {
    "id": "6281535223390@s.whatsapp.net",
    "name": "#GR3zVSR",
    "seri": "oBgGInSpZa",
    "premium": false
  },
  "62838768923311@s.whatsapp.net",
  "62838768923317@s.whatsapp.net",
  "6285742319895@s.whatsapp.net",
  "62895321079366@s.whatsapp.net",
  {
    "id": "6283875963599@s.whatsapp.net",
    "name": "#GRq0Et6",
    "seri": "uzNitW1pPn",
    "premium": false
  },
  "6288287491099@s.whatsapp.net",
  {
    "id": "6282314225590@s.whatsapp.net",
    "name": "#GRxBaRL",
    "seri": "CZUBd8ujCy",
    "premium": false
  },
  "15517868400@s.whatsapp.net",
  "6281540846100@s.whatsapp.net",
  "6283865847304@s.whatsapp.net",
  "62882005187858@s.whatsapp.net",
  "33189315565@s.whatsapp.net",
  {
    "id": "6289618602219@s.whatsapp.net",
    "name": "#GR3j1Hm",
    "seri": "D5hSRdYsZc",
    "premium": false
  },
  "60149524578@s.whatsapp.net",
  "917736217913@s.whatsapp.net",
  "6282135137852@s.whatsapp.net",
  "62895328807290@s.whatsapp.net",
  "6285858917987@s.whatsapp.net",
  "6285730940064@s.whatsapp.net",
  "628811671086@s.whatsapp.net",
  "62895402902168@s.whatsapp.net",
  "6282349837625@s.whatsapp.net",
  "6283896177544@s.whatsapp.net",
  {
    "id": "6285858917987@s.whatsapp.net",
    "name": "#GR8f1dh",
    "seri": "eT2EjB6SP6",
    "premium": false
  },
  {
    "id": "6285791717113@s.whatsapp.net",
    "name": "#GRzSQHY",
    "seri": "5p8VMOeK5p",
    "premium": false
  },
  {
    "id": "6282349837625@s.whatsapp.net",
    "name": "#GRINecl",
    "seri": "HHvaX2IW3P",
    "premium": false
  },
  "628812219274@s.whatsapp.net",
  "6289504949835@s.whatsapp.net",
  "6287711265449@s.whatsapp.net",
  "628155060056@s.whatsapp.net",
  "6285791717113@s.whatsapp.net",
  {
    "id": "6285727485224@s.whatsapp.net",
    "name": "#GRpNC8b",
    "seri": "2lwAHMVBE3",
    "premium": false
  },
  "6285727485224@s.whatsapp.net",
  {
    "id": "628811671086@s.whatsapp.net",
    "name": "#GREIcpD",
    "seri": "3OM0ffTzjE",
    "premium": false
  },
  {
    "id": "6287820854421@s.whatsapp.net",
    "name": "#GRiN8fD",
    "seri": "zo7m6VoINL",
    "premium": false
  },
  "6285703225140@s.whatsapp.net",
  "6285156491617@s.whatsapp.net",
  "62882019581495@s.whatsapp.net",
  "6285719161772@s.whatsapp.net",
  {
    "id": "628812219274@s.whatsapp.net",
    "name": "#GR2RaOZ",
    "seri": "negWEQNkwU",
    "premium": false
  },
  "6282262707998@s.whatsapp.net",
  "6285783370405@s.whatsapp.net",
  "6285607036294@s.whatsapp.net",
  "6289509654747@s.whatsapp.net",
  "6283840430002@s.whatsapp.net",
  {
    "id": "6283840430002@s.whatsapp.net",
    "name": "#GRjpKko",
    "seri": "CUD6CEf9qb",
    "premium": false
  },
  {
    "id": "6289682003040@s.whatsapp.net",
    "name": "#GR1ryrA",
    "seri": "XoMQlcUhF8",
    "premium": false
  },
  {
    "id": "6283827693686@s.whatsapp.net",
    "name": "#GRsVqcw",
    "seri": "Gpn0ZdNn52",
    "premium": false
  },
  {
    "id": "6281275179816@s.whatsapp.net",
    "name": "#GRhXCPv",
    "seri": "Ef26iY6641",
    "premium": false
  },
  "6281275179816@s.whatsapp.net",
  "6283827693686@s.whatsapp.net",
  {
    "id": "6285854514694@s.whatsapp.net",
    "name": "#GRgIcov",
    "seri": "KYjRzjYFuZ",
    "premium": false
  },
  {
    "id": "6281943415853@s.whatsapp.net",
    "name": "#GRhMX6T",
    "seri": "aQfw0KlDPO",
    "premium": false
  },
  "6285608643870@s.whatsapp.net",
  "6283114556423@s.whatsapp.net",
  "6283148075679@s.whatsapp.net",
  "6283892473371@s.whatsapp.net",
  "6285225734288@s.whatsapp.net",
  "6283879196253@s.whatsapp.net",
  "6287765877836@s.whatsapp.net",
  "62895621698905@s.whatsapp.net",
  {
    "id": "6281264561463@s.whatsapp.net",
    "name": "#GRwmWKI",
    "seri": "CNTnLkgWXU",
    "premium": false
  },
  "6282142407744@s.whatsapp.net",
  "6281264561463@s.whatsapp.net",
  {
    "id": "6287822652956@s.whatsapp.net",
    "name": "#GRnP1sP",
    "seri": "0SfEJyIDIU",
    "premium": false
  },
  "6283119391150@s.whatsapp.net",
  "6281384136650@s.whatsapp.net",
  "6281990961043@s.whatsapp.net",
  "6283805448358@s.whatsapp.net",
  "6285926270654@s.whatsapp.net",
  "62895428441228@s.whatsapp.net",
  "62895428441228@s.whatsapp.net",
  {
    "id": "6285926270654@s.whatsapp.net",
    "name": "#GRbBD9c",
    "seri": "eyw6XYNNiO",
    "premium": false
  },
  "6281223989724@s.whatsapp.net",
  "6283114680351@s.whatsapp.net",
  "6281477083949@s.whatsapp.net",
  "60166115780@s.whatsapp.net",
  "6281572288915@s.whatsapp.net",
  "6287863630311@s.whatsapp.net",
  "6283115615304@s.whatsapp.net",
  "6285741990341@s.whatsapp.net"
]